{
  "N": {
    "precision": 0.9915291529152915,
    "recall": 0.9949221768407109,
    "f1-score": 0.9932227670946058,
    "support": 18118.0
  },
  "S": {
    "precision": 0.8778195488721805,
    "recall": 0.8399280575539568,
    "f1-score": 0.8584558823529411,
    "support": 556.0
  },
  "V": {
    "precision": 0.9794617563739377,
    "recall": 0.955110497237569,
    "f1-score": 0.9671328671328672,
    "support": 1448.0
  },
  "F": {
    "precision": 0.8322981366459627,
    "recall": 0.8271604938271605,
    "f1-score": 0.8297213622291022,
    "support": 162.0
  },
  "Q": {
    "precision": 0.9925326695706285,
    "recall": 0.9919154228855721,
    "f1-score": 0.9922239502332815,
    "support": 1608.0
  },
  "accuracy": 0.9868901881966015,
  "macro avg": {
    "precision": 0.9347282528756002,
    "recall": 0.9218073296689939,
    "f1-score": 0.9281513658085595,
    "support": 21892.0
  },
  "weighted avg": {
    "precision": 0.9867384576890126,
    "recall": 0.9868901881966015,
    "f1-score": 0.9867911076682314,
    "support": 21892.0
  }
}