{
  "N": {
    "precision": 0.9892714434287591,
    "recall": 0.9975162821503477,
    "f1-score": 0.9933767554346332,
    "support": 18118.0
  },
  "S": {
    "precision": 0.9323467230443975,
    "recall": 0.7931654676258992,
    "f1-score": 0.8571428571428571,
    "support": 556.0
  },
  "V": {
    "precision": 0.9745222929936306,
    "recall": 0.9509668508287292,
    "f1-score": 0.9626004893393918,
    "support": 1448.0
  },
  "F": {
    "precision": 0.8881118881118881,
    "recall": 0.7839506172839507,
    "f1-score": 0.8327868852459016,
    "support": 162.0
  },
  "Q": {
    "precision": 0.9974905897114178,
    "recall": 0.9888059701492538,
    "f1-score": 0.9931292941911305,
    "support": 1608.0
  },
  "accuracy": 0.9870272245569157,
  "macro avg": {
    "precision": 0.9563485874580187,
    "recall": 0.9028810376076362,
    "f1-score": 0.9278072562707829,
    "support": 21892.0
  },
  "weighted avg": {
    "precision": 0.9867052834112829,
    "recall": 0.9870272245569157,
    "f1-score": 0.9866746013415276,
    "support": 21892.0
  }
}